id,asset_image,opener_image
1,6.png,
2,131.jpg,
3,94.jpg,94.jpg
4,297.jpg,
5,33.jpg,
6,293.jpg,
7,14.jpg,
8,213.jpg,213.jpg
9,,
10,,1486.jpg
11,356.jpg,
12,,
13,290.jpg,
14,291.jpg,291.jpg
15,,
16,,
17,,
18,,
19,,
20,332.jpg,
21,,
22,,
23,,
24,,
25,,
26,,
27,,
28,,
29,,
30,134.jpg,
31,,
32,540.jpg,540.jpg
33,,
34,,
35,,
36,,
37,,
38,,
39,,
40,269.jpg,234.jpg
41,,
42,,
43,,
44,,
45,,
46,9.jpg,
47,,
48,,
49,,
50,,
51,375.jpg,375.jpg
52,,
53,,
54,,
55,,
56,,
57,,
58,,
59,423.jpg,
60,,
61,,
62,295.png,
63,,
64,,
65,,
66,,
67,,
68,,
69,,
70,,
71,,
72,,
73,,
74,,
75,,
76,,
77,,
78,,
79,,
80,,
81,,
82,,
83,,
84,,
85,,
86,,
87,,
88,,
89,,
90,,
91,,
92,,
93,,
94,,
95,,
96,,
97,,
98,,
99,,
100,,
101,,
102,,
103,,
104,,
105,,
106,,
107,,
108,,
109,,
110,,
111,,
112,,
113,,
114,,
115,,
116,,
117,,
118,,
119,,
120,,
121,,
122,,
123,,
124,,
125,,
126,,
127,,
128,,
129,,
130,,
131,,
132,,
133,,
134,,
135,,
136,,
137,,
138,,
139,,
140,,
141,,
142,,
143,,
144,,
145,,
146,,
147,,
148,,
149,375.jpg,375.jpg
150,114.jpg,217.jpg
151,356.jpg,
152,332.jpg,232.jpg
153,310.jpg,312.jpg
154,354.jpg,354.jpg
155,355.jpg,355.jpg
156,376.jpg,376.jpg
157,384.jpg,
158,375.jpg,232.jpg
159,394.jpg,323.jpg
160,395.jpg,397.jpg
161,161.jpg,161.jpg
162,398.jpg,400.jpg
163,401.jpg,403.jpg
164,406.png,409.jpg
165,94.jpg,94.jpg
166,428.jpg,428.jpg
167,1099.jpg,1200.jpg
168,431.jpg,430.jpg
169,432.jpg,432.jpg
170,433.jpg,433.jpg
171,435.jpg,443.jpg
172,131.jpg,459.jpg
173,442.jpg,460.jpg
174,453.jpg,461.jpg
175,464.jpg,464.jpg
176,467.jpg,469.jpg
177,342.jpg,450.jpg
178,470.jpg,470.jpg
179,471.jpg,471.jpg
180,481.jpg,484.jpg
181,505.jpg,504.jpg
182,493.jpg,493.jpg
183,507.png,509.jpg
184,366.jpg,232.jpg
185,538.jpg,540.jpg
186,566.jpg,565.jpg
187,593.jpg,595.jpg
188,603.jpg,603.jpg
189,618.jpg,584.jpg
190,621.jpg,621.jpg
191,641.jpg,629.jpg
192,358.jpg,643.jpg
193,366.jpg,232.jpg
194,642.jpg,642.jpg
195,661.jpg,661.jpg
196,664.jpg,665.jpg
197,673.jpg,673.jpg
198,549.jpg,
199,655.jpg,655.jpg
200,676.jpg,677.jpg
201,564.jpg,564.jpg
202,691.jpg,691.jpg
203,700.jpg,701.jpg
204,707.jpg,707.jpg
205,706.jpg,
206,449.jpg,486.jpg
207,718.jpg,718.jpg
208,725.jpg,744.jpg
209,756.jpg,756.jpg
210,753.jpg,751.jpg
211,632.jpg,759.jpg
212,771.jpg,772.jpg
213,774.jpg,774.jpg
214,789.jpg,790.jpg
215,131.jpg,843.jpg
216,856.jpg,856.jpg
217,857.jpg,857.jpg
218,814.jpg,814.jpg
219,821.jpg,821.jpg
220,872.jpg,870.jpg
221,881.jpg,882.jpg
222,894.jpg,894.jpg
223,362.jpg,362.jpg
224,661.jpg,660.jpg
225,956.jpg,956.jpg
226,962.jpg,963.jpg
227,1002.jpg,1002.jpg
228,1005.jpg,1005.jpg
229,1013.jpg,1013.jpg
230,1017.jpg,1017.jpg
231,979.jpg,979.jpg
232,856.jpg,856.jpg
233,988.jpg,988.jpg
234,1043.jpg,1043.jpg
235,417.jpg,417.jpg
236,1075.jpg,1075.jpg
237,1080.jpg,1080.jpg
238,1084.jpg,1084.jpg
239,1089.jpg,1089.jpg
240,1092.jpg,1092.jpg
241,1111.jpg,1112.jpg
242,1118.jpg,1062.jpg
243,901.jpg,901.jpg
244,1143.jpg,1143.jpg
245,1149.jpg,677.jpg
246,1168.jpg,1168.jpg
247,1177.jpg,1177.jpg
248,1198.jpg,1198.jpg
249,1165.jpg,1203.jpg
250,1204.jpg,1204.jpg
251,1207.jpg,1207.jpg
252,1175.jpg,1266.jpg
253,1269.jpg,1269.jpg
254,949.jpg,843.jpg
255,1156.jpg,1156.jpg
256,1283.jpg,1284.jpg
257,1288.jpg,1288.jpg
258,1290.jpg,1290.jpg
259,1292.jpg,1292.jpg
260,1227.jpg,1299.jpg
261,1307.jpg,1307.jpg
262,1355.jpg,963.jpg
263,1359.jpg,1361.jpg
264,1363.jpg,1362.jpg
265,1364.jpg,1366.png
266,1290.jpg,306.jpg
267,1094.jpg,1094.jpg
268,1394.jpg,1387.jpg
269,1396.jpg,1409.jpg
270,1419.jpg,1419.jpg
271,1420.jpg,1127.jpg
272,803.jpg,805.jpg
273,1159.jpg,1159.jpg
274,1451.jpg,1451.jpg
275,1469.jpg,1469.jpg
276,1471.jpg,1471.jpg
277,1480.jpg,1480.jpg
278,1146.jpg,449.jpg
279,1487.jpg,1487.jpg
280,1432.jpg,1432.jpg
281,928.jpg,928.jpg
282,1533.jpg,1533.jpg
283,450.jpg,450.jpg
284,1513.jpg,1513.jpg
285,1516.jpg,1516.jpg
286,1544.jpg,1544.jpg
287,1545.jpg,1545.jpg
288,1534.jpg,1555.jpg
289,1560.jpg,1560.jpg
290,1570.jpg,1570.jpg
291,1564.jpg,1564.jpg
292,836.jpeg,836.jpeg
293,1579.jpg,1579.jpg
294,1590.jpg,1590.jpg
295,1599.jpg,1599.jpg
296,1606.jpg,1606.jpg
297,1632.jpg,1632.jpg
298,1566.jpg,1566.jpg
299,1641.jpg,1641.jpg
300,1648.jpg,1648.jpg
301,1652.jpg,1652.jpg
302,1656.jpg,1654.jpg
303,1643.jpg,1643.jpg
304,1663.jpg,1663.jpg
305,356.jpg,
306,1701.jpg,1701.jpg
307,1432.jpg,1432.jpg
308,1476.jpg,1461.jpg
309,1740.jpg,1620.jpg
310,1742.jpg,1309.jpg
311,1747.jpg,1747.jpg
312,1748.jpg,1748.jpg
313,1768.jpg,1767.jpg
314,1776.jpg,1776.jpg
315,356.jpg,232.jpg
316,1779.jpg,1785.jpg
317,1790.jpg,1791.jpg
318,1794.jpg,1798.jpg
319,356.jpg,232.jpg
320,1828.jpg,1828.jpg
321,1802.jpg,1846.jpg
322,1848.jpg,1848.jpg
323,1852.jpg,1852.jpg
324,356.jpg,232.jpg
325,1772.jpg,1772.jpg
326,1888.jpg,1888.jpg
327,1925.jpg,1925.jpg
328,1893.jpg,1893.jpg
329,1911.jpeg,1911.jpeg
330,1954.jpg,1954.jpg
331,1835.jpg,1936.jpg
332,1939.jpg,1939.jpg
333,1945.jpg,1945.jpg
334,1956.jpg,1956.jpg
335,1962.jpeg,1962.jpeg
336,1921.jpg,1965.jpg
337,2036.jpg,232.jpg
338,1979.jpg,1971.png
339,1984.jpg,1984.jpg
340,1986.jpg,1986.jpg
341,1988.jpeg,1988.jpeg
342,2102.jpg,2102.jpg
343,448.jpg,448.jpg
344,2121.jpg,2121.jpg
345,2124.jpg,2124.jpg
346,2130.jpg,2129.jpg
347,2133.jpg,2133.jpg
349,1918.jpg,1918.jpg
350,2161.jpg,2161.jpg
351,2167.jpg,2167.jpg
352,2123.jpg,2123.jpg
353,2177.jpg,2179.jpg
354,,
355,2182.png,2182.png
356,2195.jpg,2195.jpg
357,2209.jpeg,2209.jpeg
358,2228.jpg,2227.jpg
359,2241.jpg,2241.jpg
360,3402.jpg,3402.jpg
361,2248.jpg,2248.jpg
362,2251.jpg,2716.jpg
363,2259.jpg,2259.jpg
364,2279.jpg,2277.jpg
365,2283.jpg,2283.jpg
366,2288.png,2290.jpg
367,2339.jpg,2339.jpg
368,2301.jpg,2301.jpg
369,2304.jpg,2304.jpg
370,2351.jpg,2369.jpg
371,2360.jpg,2371.jpg
372,2370.jpg,2370.jpg
373,2379.jpg,2379.jpg
374,2381.jpg,2380.jpg
375,2389.jpg,2389.jpg
376,2410.jpg,2410.jpg
377,2414.jpg,2414.jpg
378,2427.jpg,1918.jpg
379,356.jpg,232.jpg
380,2432.jpg,2432.jpg
381,2442.jpg,2442.jpg
382,2482.jpg,2482.jpg
415,2494.jpg,2495.jpg
416,2510.jpg,2510.jpg
417,2591.jpg,2591.jpg
418,2596.jpg,2596.jpg
419,2598.jpg,2598.jpg
420,1922.jpg,1922.jpg
421,2303.jpg,2303.jpg
422,2610.jpg,2612.jpg
423,2635.jpg,2635.jpg
424,2625.jpg,2625.jpg
425,2626.jpg,2626.jpg
426,2639.jpg,2639.jpg
427,2713.jpg,2713.jpg
428,2645.jpg,2645.jpg
429,2647.jpg,2647.jpg
430,2649.jpg,2649.jpg
431,882.jpg,882.jpg
432,2197.jpg,2197.jpg
433,2658.jpg,2658.jpg
434,2716.jpg,2716.jpg
467,356.jpg,232.jpg
468,2740.jpg,2740.jpg
469,,
470,2734.jpg,2732.jpg
471,,
472,2393.jpg,2393.jpg
473,2620.jpg,2739.jpg
474,2741.jpg,2741.jpg
475,2747.jpg,2747.jpg
476,2749.jpeg,2749.jpeg
477,2750.jpg,2750.jpg
478,2757.jpg,2759.jpg
479,2760.jpg,2760.jpg
480,2640.jpg,2640.jpg
481,1461.jpg,1461.jpg
514,2802.jpg,2802.jpg
515,2849.jpg,2849.jpg
516,2852.jpg,2852.jpg
517,2857.jpg,2860.jpg
518,2864.jpg,2864.jpg
519,2869.jpg,2869.jpg
520,2871.jpg,2844.jpg
521,2875.jpg,2874.jpg
522,2873.jpg,2873.jpg
523,2872.jpg,2872.jpg
524,2877.jpg,3335.jpg
525,3135.jpg,3135.jpg
526,2896.jpg,2896.jpg
527,2909.jpg,2907.jpg
528,2902.jpg,2902.jpg
529,2905.jpg,2905.jpg
530,2913.jpg,2913.jpg
531,2915.jpg,2915.jpg
532,2911.jpg,2922.jpg
533,2918.jpg,2918.jpg
534,2924.jpg,2924.jpg
535,356.jpg,232.jpg
536,2927.jpg,2928.jpg
537,2932.jpg,2932.jpg
538,2933.jpg,2933.jpg
539,2938.jpg,2938.jpg
540,2941.png,2940.jpg
542,2949.jpg,2949.jpg
543,2953.jpg,2953.jpg
544,2958.jpg,2959.jpg
545,2740.jpg,2740.jpg
546,2967.jpg,2967.jpg
547,2933.jpg,2933.jpg
548,2973.jpg,2973.jpg
549,2971.jpg,2971.jpg
550,3043.jpg,2955.jpg
583,356.jpg,232.jpg
584,2869.jpg,2869.jpg
585,3048.jpg,3048.jpg
586,3063.jpg,3063.jpg
587,3066.jpg,3066.jpg
588,3123.jpg,3123.jpg
589,3081.jpg,2357.jpg
590,2915.jpg,2915.jpg
591,3145.jpg,3145.jpg
592,3146.jpg,3146.jpg
593,3157.jpg,3157.jpg
594,3200.jpg,3225.jpg
627,3201.jpg,3201.jpg
628,3206.jpg,3206.jpg
629,3210.jpg,3210.jpg
630,3233.jpg,3233.jpg
631,3239.jpg,3238.jpg
632,3241.png,3241.png
633,2738.jpg,2242.jpeg
634,1710.jpg,2953.jpg
635,1870.jpg,2843.jpg
636,3245.jpg,3245.jpg
637,3248.jpg,3248.jpg
638,3259.jpg,3259.jpg
639,3264.jpg,3264.jpg
672,3299.jpg,3299.jpg
673,356.jpg,232.jpg
674,3302.png,3302.png
675,2649.jpg,3353.jpg
676,3219.jpg,3219.jpg
677,1922.jpg,1922.jpg
710,3309.jpg,3309.jpg
711,3311.jpg,3311.jpg
712,356.jpg,232.jpg
713,3248.jpg,3310.jpg
714,356.jpg,232.jpg
715,2596.jpg,2596.jpg
716,1017.jpg,1017.jpg
717,2241.jpg,2933.jpg
718,356.jpg,232.jpg
719,750.jpg,2410.jpg
720,1922.jpg,1922.jpg
721,3345.jpg,3345.jpg
722,356.jpg,232.jpg
723,3348.jpg,3348.jpg
724,356.jpg,232.jpg
757,3390.jpeg,3390.jpeg
758,3392.jpg,3392.jpg
759,3402.jpg,3402.jpg
760,3403.jpg,3403.jpg
761,3331.jpg,3331.jpg
762,1479.jpg,1478.jpg
763,3406.jpg,3406.jpg
764,3408.jpg,3409.jpg
765,3411.jpg,3411.jpg
766,3413.jpg,3413.jpg
767,3415.jpg,3415.jpg
768,3066.jpg,3066.jpg
769,1632.jpg,1632.jpg
770,3462.jpg,3462.jpg
771,3469.jpg,3469.jpg
772,3470.jpg,3470.jpg
773,356.jpg,232.jpg
774,3484.jpg,3484.jpg
775,2212.jpg,3488.jpg
776,3343.jpg,3335.jpg
777,3309.jpg,3309.jpg
778,3313.jpg,2327.jpg
779,3486.png,3486.png
780,3345.jpg,3345.jpg
781,356.jpg,232.jpg
782,3493.jpg,3493.jpg
783,3494.jpg,3494.jpg
784,3495.jpg,3495.jpg
817,3528.jpg,3528.jpg
818,3529.jpg,3316.jpg
819,3485.jpg,3485.jpg
820,3532.jpg,3532.jpg
821,3411.jpg,3536.jpg
822,3352.jpg,3406.jpg
823,1918.jpg,1918.jpg
824,3538.jpg,3538.jpg
825,3413.jpg,3413.jpg
826,3345.jpg,3345.jpg
827,3544.jpg,3544.jpg
828,3556.jpg,3556.jpg
829,3557.jpg,3557.jpg
830,3575.jpg,3575.jpg
831,3571.jpg,3571.jpg
832,3576.jpg,3576.jpg
833,3540.jpeg,232.jpg
834,3580.jpg,3580.jpg
835,3581.png,3581.png
836,1632.jpg,1632.jpg
837,3576.jpg,3576.jpg
838,3586.jpg,3586.jpg
840,3589.png,3589.png
841,3591.png,3592.png
842,3461.jpg,3461.jpg
843,3575.jpg,3541.png
844,3628.jpg,3628.jpg
845,3638.jpg,3638.jpg
846,3640.jpg,3640.jpg
847,3643.jpg,3643.jpg
848,3644.png,3667.png
850,3668.jpeg,3668.jpeg
851,3681.jpg,3681.jpg
852,3683.jpg,3683.jpg
853,3687.jpg,3687.jpg
854,3692.png,3692.png
855,3700.jpg,3701.jpg
856,3650.jpg,3650.jpg
857,3145.jpg,3145.jpg
858,2640.jpg,2640.jpg
859,2902.jpg,2902.jpg
860,3778.jpg,3778.jpg
861,3622.jpg,3622.jpg
862,3781.jpg,3781.jpg
863,3792.jpg,3792.jpg
896,3828.jpg,3826.png
897,726.jpg,726.jpg
898,2632.jpg,2632.jpg
899,3862.png,3862.png
901,3874.png,3868.jpg
902,3873.png,3872.jpg
903,3877.jpg,3877.jpg
904,3878.jpg,3878.jpg
905,3881.png,3575.jpg
906,3920.jpg,3920.jpg
907,3962.jpg,3962.jpg
908,3923.jpg,3923.jpg
909,3950.jpg,3950.jpg
910,3825.jpg,232.jpg
911,3982.png,3981.jpg
912,3993.jpg,3993.jpg
913,4001.jpg,4001.jpg
914,4025.png,4024.jpg
915,4026.jpg,4026.jpg
916,4029.png,4028.jpg
917,,
918,1922.jpg,4044.jpg
919,4042.png,4041.jpg
920,4123.jpg,4123.jpg
921,4125.jpg,4125.jpg
922,1529.jpg,1070.jpg
923,4174.jpeg,4174.jpeg
924,4197.png,4197.png
925,2649.jpg,4070.jpg
926,4203.jpg,4203.jpg
927,3989.jpg,4240.jpg
928,4258.jpg,4258.jpg
929,4219.jpg,3309.jpg
930,4267.jpg,4270.jpeg
931,4283.jpg,4283.jpg
932,4288.png,4287.png
933,356.jpg,232.jpg
934,4291.jpg,4291.jpg
935,4293.jpg,4293.jpg
936,4294.jpg,4244.jpg
937,4297.jpg,4299.jpg
938,4301.jpg,4301.jpg
939,1516.jpg,1516.jpg
940,4313.jpg,4313.jpg
941,4317.jpg,4317.jpg
942,4062.jpg,4062.jpg
943,4061.jpg,4061.jpg
944,2124.jpg,2125.jpg
945,2440.jpg,2440.jpg
946,2304.jpg,2304.jpg
947,2764.jpg,3335.jpg
948,4294.jpg,4244.jpg
949,4380.jpeg,4380.jpeg
950,4389.jpg,4389.jpg
951,4390.jpg,4390.jpg
953,4431.jpeg,232.jpg
954,4438.jpeg,4438.jpeg
955,4435.jpg,4436.jpg
956,4437.jpg,4437.jpg
957,4317.jpg,4044.jpg
958,356.jpg,232.jpg
959,3966.jpg,3966.jpg
960,4444.jpg,4444.jpg
961,4449.jpg,4449.jpg
962,4442.jpg,4442.jpg
963,4467.jpg,4467.jpg
965,4223.jpg,4465.jpg
966,4486.jpg,4486.jpg
967,4485.jpg,4485.jpg
968,4500.jpg,4500.jpg
969,4501.jpg,4501.jpg
970,4493.jpg,4493.jpg
971,4519.jpg,4519.jpg
972,4272.jpg,4272.jpg
973,356.jpg,232.jpg
976,4563.jpg,4563.jpg
977,4565.jpg,4565.jpg
978,3415.jpg,3415.jpg
979,4302.jpg,4567.jpg
980,71.jpg,71.jpg
981,1165.jpg,4465.jpg
982,2649.jpg,2649.jpg
983,4044.jpg,4044.jpg
984,4578.jpg,4578.jpg