id,
422,
712,
273,
519,
937,
27,
773,
44,
182,
209,
194,
211,
179,
161,
159,
45,
155,
759,
313,
721,
479,
819,
304,
328,
382,
531,
915,
548,
760,
829,
946,
340,
771,
359,
429,
636,
898,
842,
969,
934,
978,
853,
926,
784,
674,
227,
139,
240,
223,
257,
286,
272,
770,
305,
583,
956,
592,
720,
540,
233,
360,
984,
171,
13,
539,
673,
160,
947,
838,
910,
41,
336,
324,
25,
634,
337,
281,
763,
781,
157,
714,
931,
536,
378,
278,
315,
245,
941,
777,
79,
833,
232,
293,
290,
943,
162,
905,
206,
532,
520,
776,
979,
817,
4,
973,
17,
12,
933,
249,
843,
852,
783,
275,
953,
914,
535,
584,
938,